codigo_a1;codigo_a2;comarca;unidade;vagas_oferecidas;deficit_esperado;diferenca_atual;lotacao_real;lotacao_paradigma;tipo_discrepancia
A1-003;A2-005;Almirante Tamandaré;SECRETARIA ESPECIALIZADA DE MOVIMENTAÇÃO PROCESSUAL DAS VARAS CÍVEIS E DA FAZENDA PÚBLICA;1;-1;0;5;5;NAO_BATE
A1-007;A2-013;Ampére;JUÍZO ÚNICO;3;-3;-2;5;7;NAO_BATE
A1-008;A2-016;Andirá;VARA CRIMINAL, FAMÍLIA E SUCESSÕES, INFÂNCIA E JUVENTUDE E JUIZADO ESPECIAL CRIMINAL;1;-1;0;5;5;NAO_BATE
A1-011;A2-027;Arapongas;2ª VARA CÍVEL E DA FAZENDA PÚBLICA;1;-1;-5;0;5;NAO_BATE
A1-012;A2-025;Arapongas;1ª VARA CRIMINAL;2;-2;-5;0;5;NAO_BATE
A1-013;A2-026;Arapongas;2ª VARA CRIMINAL;2;-2;-6;0;6;NAO_BATE
A1-014;A2-030;Arapongas;VARA DE FAMÍLIA E SUCESSÕES, INFÂNCIA E JUVENTUDE, ACIDENTES DO TRABALHO, REGISTROS PÚBLICOS E CORREGEDORIA DO FORO EXTRAJUDICIAL;3;-3;-6;0;6;NAO_BATE
A1-015;A2-028;Arapongas;JUIZADO ESPECIAL CÍVEL, CRIMINAL E DA FAZENDA PÚBLICA;2;-2;-10;0;10;NAO_BATE
A1-024;A2-053;Bocaiúva do Sul;JUÍZO ÚNICO;4;-4;-3;2;5;NAO_BATE
A1-025;NAO_ENCONTRADO;Bocaiúva do Sul;VARA CÍVEL (EM PROCESSO DE ESTATIZAÇÃO);1;-1;N/A;N/A;N/A;NAO_ENCONTRADO
A1-026;NAO_ENCONTRADO;Bocaiúva do Sul;OFÍCIO DISTRIBUIDOR (EM PROCESSO DE ESTATIZAÇÃO);1;-1;N/A;N/A;N/A;NAO_ENCONTRADO
A1-028;A2-063;Campina da Lagoa;JUÍZO ÚNICO;4;-4;-3;2;5;NAO_BATE
A1-035;A2-083;Capanema;VARA CRIMINAL, FAMÍLIA E SUCESSÕES, INFÂNCIA E JUVENTUDE E JUIZADO ESPECIAL CRIMINAL;1;-1;-2;3;5;NAO_BATE
A1-037;A2-093;Cascavel;2º JUIZADO DE VIOLÊNCIA DOMÉSTICA E FAMILIAR CONTRA A MULHER, VARA DE CRIMES CONTRA CRIANÇAS, ADOLESCENTES E IDOSOS;1;-1;-3;5;8;NAO_BATE
A1-039;A2-090;Cascavel;1º JUIZADO DE VIOLÊNCIA DOMÉSTICA E FAMILIAR CONTRA A MULHER, VARA DE CRIMES CONTRA CRIANÇAS, ADOLESCENTES E IDOSOS;1;-1;0;8;8;NAO_BATE
A1-059;NAO_ENCONTRADO;Cornélio Procópio;VARA CRIMINAL;1;-1;N/A;N/A;N/A;NAO_ENCONTRADO
A1-060;NAO_ENCONTRADO;Cornélio Procópio;VARA DE FAMÍLIA E SUCESSÕES, INFÂNCIA E JUVENTUDE, ACIDENTES DO TRABALHO, REGISTROS PÚBLICOS E CORREGEDORIA DO FORO EXTRAJUDICIAL;1;-1;N/A;N/A;N/A;NAO_ENCONTRADO
A1-065;NAO_ENCONTRADO;Curitiba;2ª VARA DE FAMÍLIA (EM PROCESSO DE ESTATIZAÇÃO);4;-4;N/A;N/A;N/A;NAO_ENCONTRADO
A1-066;NAO_ENCONTRADO;Curitiba;4ª VARA DE FAMÍLIA (EM PROCESSO DE ESTATIZAÇÃO);4;-4;N/A;N/A;N/A;NAO_ENCONTRADO
A1-069;NAO_ENCONTRADO;Curitiba;SECRETARIA UNIFICADA DA 1ª E 2ª VARAS DESCENTRALIZADAS DO PINHEIRINHO DE CURITIBA;1;-1;N/A;N/A;N/A;NAO_ENCONTRADO
A1-074;NAO_ENCONTRADO;Curitiba;SECRETARIA UNIFICADA DA 1ª E 2ª VARAS DESCENTRALIZADAS DA CIDADE INDUSTRIAL DE CURITIBA;1;-1;N/A;N/A;N/A;NAO_ENCONTRADO
A1-075;A2-191;Curitiba;SECRETARIA ESPECIALIZADA DE MOVIMENTAÇÃO PROCESSUAL DA FAZENDA PÚBLICA;1;-1;-4;43;47;NAO_BATE
A1-076;A2-196;Curitiba;SECRETARIA ESPECIALIZADA EM MOVIMENTAÇÕES PROCESSUAIS DOS JUIZADOS ESPECIAIS DA FAZENDA PÚBLICA;5;-5;-17;5;22;NAO_BATE
A1-077;A2-195;Curitiba;SECRETARIA ESPECIALIZADA EM MOVIMENTAÇÕES PROCESSUAIS DOS JUIZADOS DE VIOLÊNCIA DOMÉSTICA E FAMILIAR CONTRA A MULHER;7;-7;2;31;29;NAO_BATE
A1-078;A2-193;Curitiba;SECRETARIA ESPECIALIZADA EM MOVIMENTAÇÕES PROCESSUAIS DAS VARAS DE EXECUÇÕES FISCAIS ESTADUAIS;2;-2;-8;13;21;NAO_BATE
A1-079;A2-194;Curitiba;SECRETARIA ESPECIALIZADA EM MOVIMENTAÇÕES PROCESSUAIS DAS VARAS DE EXECUÇÕES FISCAIS MUNICIPAIS;3;-3;-21;5;26;NAO_BATE
A1-087;A2-219;Fazenda Rio Grande;2ª VARA CÍVEL E DA FAZENDA PÚBLICA;1;-1;-4;3;7;NAO_BATE
A1-089;A2-238;Foz do Iguaçu;VARA DE EXECUÇÕES PENAIS E CORREGEDORIA DOS PRESÍDIOS;3;-3;-2;6;8;NAO_BATE
A1-104;A2-278;Irati;VARA CRIMINAL E INFÂNCIA E JUVENTUDE;2;-2;-1;6;7;NAO_BATE
A1-115;A2-321;Londrina;3ª VARA DE FAMÍLIA;1;-1;-2;5;7;NAO_BATE
A1-116;A2-332;Londrina;VARA DA INFÂNCIA E JUVENTUDE;1;-1;2;7;5;NAO_BATE
A1-117;A2-334;Londrina;VARA DE SUCESSÕES, ACIDENTES DO TRABALHO, REGISTROS PÚBLICOS E CORREGEDORIA DO FORO EXTRAJUDICIAL;1;-1;-2;5;7;NAO_BATE
A1-118;A2-333;Londrina;VARA DE EXECUÇÕES PENAIS, MEDIDAS ALTERNATIVAS E CORREGEDORIA DOS PRESÍDIOS;1;-1;-2;12;14;NAO_BATE
A1-119;A2-318;Londrina;2º JUIZADO DE VIOLÊNCIA DOMÉSTICA E FAMILIAR CONTRA A MULHER E VARA DE CRIMES CONTRA CRIANÇAS, ADOLESCENTES E IDOSOS;2;-2;-1;7;8;NAO_BATE
A1-120;NAO_ENCONTRADO;Londrina;1ª VARA DE FAMÍLIA (EM PROCESSO DE ESTATIZAÇÃO);7;-7;N/A;N/A;N/A;NAO_ENCONTRADO
A1-137;A2-416;Palmas;VARA CRIMINAL E DA INFÂNCIA E JUVENTUDE;4;-4;-3;5;8;NAO_BATE
A1-138;A2-417;Palmas;VARA DE FAMÍLIA E SUCESSÕES, JUIZADO ESPECIAL CÍVEL, CRIMINAL E DA FAZENDA PÚBLICA;2;-2;0;5;5;NAO_BATE
A1-140;NAO_ENCONTRADO;Palmital;OFÍCIO DISTRIBUIDOR (EM PROCESSO DE ESTATIZAÇÃO);3;-3;N/A;N/A;N/A;NAO_ENCONTRADO
A1-147;A2-425;Paranaguá;1ª VARA CRIMINAL;2;-2;0;5;5;NAO_BATE
A1-152;A2-449;Pinhais;VARA CRIMINAL;1;-1;0;6;6;NAO_BATE
A1-155;A2-457;Piraquara;VARA CÍVEL E DA FAZENDA PÚBLICA;4;-4;-3;3;6;NAO_BATE
A1-160;A2-464;Ponta Grossa;1ª VARA CÍVEL E EMPRESARIAL REGIONAL;2;-2;-1;6;7;NAO_BATE
A1-162;A2-469;Ponta Grossa;2º JUIZADO DE VIOLÊNCIA DOMÉSTICA E FAMILIAR CONTRA A MULHER, VARA DE CRIMES CONTRA CRIANÇAS, ADOLESCENTES E IDOSOS;2;-2;-4;5;9;NAO_BATE
A1-167;A2-477;Pontal do Paraná;VARA CRIMINAL, FAMÍLIA E SUCESSÕES, INFÂNCIA E JUVENTUDE E JUIZADO ESPECIAL CÍVEL E JUIZADO ESPECIAL CRIMINAL;2;-2;1;6;5;NAO_BATE
A1-195;A2-535;Sertanópolis;JUÍZO ÚNICO;1;-1;0;5;5;NAO_BATE
