Comarca;Unidade;Analistas Secretaria;Técnicos Secretaria;Analistas e Técnicos Secretaria;Lotacao Real
ALMIRANTE TAMANDARÉ;Secretaria Unificada das 1ª e 2ª Vara Cível e da Fazenda Pública;0;0;1;1
ALMIRANTE TAMANDARÉ;Juizado Especial Cível, Criminal e da Fazenda Pública;1;3;0;4
ALMIRANTE TAMANDARÉ;1ª Vara Criminal;1;4;0;5
ALMIRANTE TAMANDARÉ;2ª Vara Criminal;1;4;0;5
ALMIRANTE TAMANDARÉ;Vara de Família e Sucessões, Infância e Juventude, Registros Públicos e Corregedoria do Foro Extrajudicial;1;4;0;5
ALTO PARANÁ;Juízo Único - Crime e Anexos e Juizados Especiais;0;4;0;4
ALTO PIQUIRI;Juízo Único - Crime e Anexos e Juizados Especiais;1;2;0;3
ALTÔNIA;Juízo Único - Crime e Anexos e Juizados Especiais;0;3;1;4
AMPÉRE;Juízo Único;1;4;0;5
ANDIRÁ;Vara Criminal, Família e Sucessões, Infância e Juventude e Juizado Especial Cível, Criminal e da Fazenda Pública;0;5;0;5
ANTONINA;Vara Criminal, Família e Sucessões, Infância e Juventude e Juizado Especial Criminal;0;3;0;3
ANTONINA;Vara Cível, da Fazenda Pública, Acidentes do Trabalho, Registros Públicos e Corregedoria do Foro Extrajudicial, Juizado Especial Cível e Juizado Especial da Fazenda Pública;0;2;1;3
ANTONINA;Distribuidor, Contador, Partidor, Avaliador e Depositário Público;0;0;0;0
APUCARANA;1ª Vara Criminal;1;4;0;5
APUCARANA;Juizado Especial Cível, Criminal e da Fazenda Pública;1;7;1;9
APUCARANA;Vara de Família e Sucessões, Infância e Juventude, Acidentes do Trabalho, Registros Públicos e Corregedoria do Foro Extrajudicial;0;7;1;8
APUCARANA;2ª Vara Criminal;2;3;1;6
ARAPONGAS;Juizado Especial Cível, Criminal e da Fazenda Pública;0;0;0;0
ARAPONGAS;2ª Vara Criminal;0;0;0;0
ARAPONGAS;Vara de Família e Sucessões, Infância e Juventude, Acidentes do Trabalho, Registros Públicos e Corregedoria do Foro Extrajudicial;0;0;0;0
ARAPONGAS;1ª Vara Criminal;0;0;0;0
ARAPONGAS;2ª Vara Cível e da Fazenda Pública;0;0;0;0
ARAPOTI;Juízo Único - Crime e Anexos e Juizados Especiais;0;4;1;5
ARAUCÁRIA;2ª Vara Cível e da Fazenda Pública;1;4;0;5
ARAUCÁRIA;Juizado Especial Cível, Criminal e da Fazenda Pública;1;3;0;4
ARAUCÁRIA;Vara de Família e Sucessões, Infância e Juventude, Registros Públicos e Corregedoria do Foro Extrajudicial;2;5;0;7
ARAUCÁRIA;Vara Criminal;0;7;1;8
ASSAÍ;Vara Criminal, Família e Sucessões, Infância e Juventude e Juizado Especial Cível, Criminal e da Fazenda Pública;1;4;0;5
ASSAÍ;Distribuidor, Contador, Partidor, Avaliador e Depositário Público;0;0;0;0
ASSIS CHATEAUBRIAND;Vara Criminal, Família e Sucessões, Infância e Juventude e Juizado Especial Cível, Criminal e da Fazenda Pública;1;4;0;5
ASTORGA;Vara Criminal, Família e Sucessões, Infância e Juventude e Juizado Especial Cível, Criminal e da Fazenda Pública;0;7;0;7
BANDEIRANTES;2ª Vara Cível e da Fazenda Pública, Juizado Especial Cível e Juizado Especial da Fazenda Pública;1;5;0;6
BANDEIRANTES;Vara Criminal, Infância e Juventude, Família e Sucessões e Juizado Especial Criminal;1;4;0;5
BARBOSA FERRAZ;Juízo Único - Crime e Anexos e Juizados Especiais;1;2;0;3
BARRACÃO;Juízo Único - Crime e Anexos e Juizados Especiais;0;3;0;3
BELA VISTA DO PARAÍSO;Juízo Único - Crime e Anexos, Juizados Especiais e Distribuidor;1;3;1;5
BOCAIÚVA DO SUL;Juízo Único - Crime e Anexos e Juizados Especiais;1;1;0;2
CAMBARÁ;Juízo Único - Crime e Anexos e Juizados Especiais;1;1;1;3
CAMBÉ;Juizado Especial Cível, Criminal e da Fazenda Pública;1;4;0;5
CAMBÉ;2ª Vara Cível e da Fazenda Pública;0;5;1;6
CAMBÉ;Vara Criminal;0;5;1;6
CAMBÉ;Vara de Família e Sucessões, Infância e Juventude, Acidentes do Trabalho, Registros Públicos e Corregedoria do Foro Extrajudicial;1;4;1;6
CAMPINA DA LAGOA;Juízo Único - Crime e Anexos e Juizados Especiais;0;2;0;2
CAMPINA GRANDE DO SUL;Vara de Família e Sucessões, Registros Públicos e Corregedoria do Foro Extrajudicial, Juizado Especial Cível, Criminal e da Fazenda Pública e Infância e Juventude;1;2;0;3
CAMPINA GRANDE DO SUL;Vara Cível e da Fazenda Pública;2;3;0;5
CAMPINA GRANDE DO SUL;Vara Criminal;0;5;0;5
CAMPO LARGO;Vara Criminal;0;6;0;6
CAMPO LARGO;Juizado Especial Cível, Criminal e da Fazenda Pública;0;5;1;6
CAMPO LARGO;2ª Vara Cível e da Fazenda Pública;0;3;1;4
CAMPO LARGO;Vara de Família e Sucessões, Infância e Juventude, Registros Públicos e Corregedoria do Foro Extrajudicial;1;4;0;5
CAMPO LARGO;1ª Vara Cível e da Fazenda Pública;0;5;0;5
CAMPO MOURÃO;2ª Vara Criminal;1;3;1;5
CAMPO MOURÃO;Vara de Família e Sucessões, Infância e Juventude, Acidentes do Trabalho, Registros Públicos e Corregedoria do Foro Extrajudicial;1;5;0;6
CAMPO MOURÃO;1ª Vara Criminal;2;2;1;5
CAMPO MOURÃO;Juizado Especial Cível, Criminal e da Fazenda Pública;1;3;1;5
CÂNDIDO DE ABREU;Juízo Único - Crime e Anexos e Juizados Especiais;1;1;0;2
CANTAGALO;Juízo Único;1;5;1;7
CAPANEMA;Vara Criminal, Família e Sucessões, Infância e Juventude e Juizado Especial Cível, Criminal e da Fazenda Pública;0;3;0;3
CAPITÃO LEÔNIDAS MARQUES;Juízo Único;0;6;0;6
CARLÓPOLIS;Juízo Único - Crime e Anexos e Juizados Especiais;1;3;1;5
CASCAVEL;4ª Vara Cível;0;0;0;0
CASCAVEL;Juizado de Violência Doméstica e Familiar contra a Mulher, Vara de Crimes contra Crianças, Adolescentes e Idosos;0;0;0;0
CASCAVEL;2ª Vara Criminal;0;0;0;0
CASCAVEL;3ª Vara Criminal;1;2;0;3
CASCAVEL;Vara da Infância e Juventude;2;5;1;8
CASCAVEL;1º Juizado Especial Cível, Criminal e da Fazenda Pública;0;6;0;6
CASCAVEL;1ª Vara Criminal;1;4;0;5
CASCAVEL;1ª Vara de Família e Sucessões, Registros Públicos e Corregedoria do Foro Extrajudicial;1;5;1;7
CASCAVEL;5ª Vara Cível;2;4;1;7
CASCAVEL;2ª Vara de Família e Sucessões e Acidentes do Trabalho;2;5;1;8
CASCAVEL;2º Juizado Especial Cível, Criminal e da Fazenda Pública;0;8;0;8
CASCAVEL;3º Juizado Especial Cível, Criminal e da Fazenda Pública;0;7;1;8
CASCAVEL;Vara de Execuções Penais e Corregedoria dos Presídios;0;7;0;7
CASCAVEL;4ª Vara Criminal;1;6;0;7
CASCAVEL;Vara da Fazenda Pública;1;7;0;8
CASTRO;Vara Criminal;0;1;0;1
CASTRO;Juizado Especial Cível, Criminal e da Fazenda Pública;1;3;0;4
CASTRO;Vara de Família e Sucessões, Infância e Juventude, Acidentes do Trabalho, Registros Públicos e Corregedoria do Foro Extrajudicial;1;3;0;4
CASTRO;Distribuidor, Contador, Partidor, Avaliador e Depositário Público;0;0;0;0
CATANDUVAS;Juízo Único;0;5;0;5
CENTENÁRIO DO SUL;Juízo Único - Crime e Anexos e Juizados Especiais;1;3;1;5
CERRO AZUL;Juízo Único - Crime e Anexos, Juizados Especiais e Distribuidor;1;4;0;5
CHOPINZINHO;Vara Criminal, Família e Sucessões, Infância e Juventude e Juizado Especial Cível, Criminal e da Fazenda Pública;1;4;0;5
CIANORTE;Vara de Família e Sucessões, Infância e Juventude, Acidentes do Trabalho, Registros Públicos e Corregedoria do Foro Extrajudicial;1;2;0;3
CIANORTE;2ª Vara Cível e da Fazenda Pública;1;4;0;5
CIANORTE;Vara Criminal;1;6;1;8
CIANORTE;Juizado Especial Cível, Criminal e da Fazenda Pública;1;8;0;9
CIDADE GAÚCHA;Juízo Único - Crime e Anexos e Juizados Especiais;1;2;0;3
CLEVELÂNDIA;Juízo Único - Crime e Anexos e Juizados Especiais;0;4;0;4
COLOMBO;2ª Vara Cível;0;3;1;4
COLOMBO;Vara da Infância e Juventude, Registros Públicos e Corregedoria do Foro Extrajudicial;0;3;0;3
COLOMBO;1ª Vara Criminal;0;3;0;3
COLOMBO;Vara de Família e Sucessões;1;5;0;6
COLOMBO;Vara da Fazenda Pública;1;3;1;5
COLOMBO;2ª Vara Criminal;0;5;0;5
COLOMBO;Juizado Especial Cível, Criminal e da Fazenda Pública;1;6;0;7
COLORADO;Vara Criminal, Família e Sucessões, Infância e Juventude e Juizado Especial Cível, Criminal e da Fazenda Pública;1;3;0;4
CONGONHINHAS;Juízo Único - Crime e Anexos e Juizados Especiais;0;4;0;4
CORBÉLIA;Vara Criminal, Família e Sucessões, Infância e Juventude e Juizado Especial Cível, Criminal e da Fazenda Pública;1;3;0;4
CORNÉLIO PROCÓPIO;Vara Criminal;0;4;0;4
CORNÉLIO PROCÓPIO;Vara de Família e Sucessões, Infância e Juventude, Acidentes do Trabalho, Registros Públicos e Corregedoria do Foro Extrajudicial;1;3;0;4
CORNÉLIO PROCÓPIO;2ª Vara Cível e da Fazenda Pública;1;3;1;5
CORNÉLIO PROCÓPIO;Juizado Especial Cível, Criminal e da Fazenda Pública;1;4;1;6
CORONEL VIVIDA;Juízo Único - Crime e Anexos e Juizados Especiais;0;4;0;4
CRUZEIRO DO OESTE;Vara de Execuções Penais e Corregedoria dos Presídios;1;4;0;5
CRUZEIRO DO OESTE;Vara Criminal, Família e Sucessões, Infância e Juventude e Juizado Especial Cível, Criminal e da Fazenda Pública;0;7;1;8
CURITIBA;Centro de Apoio às Turmas Recursais;0;0;0;0
CURITIBA;24ª Vara Cível;0;0;0;0
CURITIBA;25ª Vara Cível;0;0;0;0
CURITIBA;Vara de Infrações Penais contra Crianças, Adolescentes e Idosos;0;0;0;0
CURITIBA;1ª Vara de Falências e Recuperações Judiciais;0;0;0;0
CURITIBA;2ª Vara de Falências e Recuperações Judiciais;0;0;0;0
CURITIBA;5ª Vara Criminal;0;0;0;0
CURITIBA;6ª Vara Criminal;0;0;0;0
CURITIBA;7º Juizado Especial Cível – Acidentes de Trânsito;0;0;0;0
CURITIBA;11ª Vara Criminal;0;0;0;0
CURITIBA;2º Juizado de Violência Doméstica e Familiar contra a Mulher;0;0;0;0
CURITIBA;1º Juizado de Violência Doméstica e Familiar contra a Mulher;0;0;0;0
CURITIBA;Vara de Execuções Penais, Medidas Alternativas e Corregedoria dos Presídios;0;0;1;1
CURITIBA;Secretaria Unificada dos 4º e 15º Juizados Especiais da Fazenda Pública;0;0;0;0
CURITIBA;Secretaria Unificada das 1ª, 2ª, 3ª, 4ª e 5ª Varas da Fazenda Pública;0;0;1;1
CURITIBA;Secretaria Unificada das 1ª, 2ª e 3ª Varas de Execuções Fiscais Municipais;0;0;3;3
CURITIBA;2ª Vara de Execuções Fiscais Estaduais;0;0;1;1
CURITIBA;1ª Vara de Execuções Fiscais Estaduais;0;0;1;1
CURITIBA;3º Juizado Especial Cível – Telecomunicações;1;4;0;5
CURITIBA;3ª Vara de Família;1;4;1;6
CURITIBA;Vara de Delitos de Trânsito;0;4;0;4
CURITIBA;1ª Vara Privativa do Tribunal do Júri;1;3;0;4
CURITIBA;9ª Vara Criminal;1;3;0;4
CURITIBA;Vara da Infância e da Juventude e Adoção;1;10;0;11
CURITIBA;Vara de Registros Públicos e Corregedoria do Foro Extrajudicial;1;5;1;7
CURITIBA;3ª Vara Cível;1;6;0;7
CURITIBA;23ª Vara Cível;1;5;1;7
CURITIBA;3º Juizado de Violência Doméstica e Familiar contra a Mulher – Casa da Mulher Brasileira;1;9;1;11
CURITIBA;Secretaria Unificada das 1ª e 2ª Varas Descentralizadas da Cidade Industrial;1;10;2;13
CURITIBA;Secretaria Unificada das 1ª e 2ª Varas Descentralizadas do Pinheirinho;1;11;1;13
CURITIBA;1º Juizado Especial Cível – Matéria Bancária;0;5;1;6
CURITIBA;18ª Vara Cível;1;7;0;8
CURITIBA;6ª Vara de Família;0;4;1;5
CURITIBA;7ª Vara de Família;1;3;1;5
CURITIBA;8ª Vara Criminal;0;4;1;5
CURITIBA;10ª Vara Criminal;0;5;0;5
CURITIBA;13º Juizado Especial Cível e Criminal;1;3;1;5
CURITIBA;Juizado Especial PUC - Cajuru;0;5;0;5
CURITIBA;12ª Vara Cível;4;4;0;8
CURITIBA;Vara da Auditoria da Justiça Militar;1;1;1;3
CURITIBA;2ª Vara Privativa do Tribunal do Júri;0;5;0;5
CURITIBA;3ª Vara Criminal;0;4;1;5
CURITIBA;4ª Vara Criminal;0;4;1;5
CURITIBA;6º Juizado Especial Cível e Criminal;1;3;1;5
CURITIBA;7ª Vara Criminal;0;4;1;5
CURITIBA;13ª Vara Criminal;0;4;1;5
CURITIBA;2ª Vara de Sucessões;0;5;1;6
CURITIBA;Vara de Adolescentes em Conflito com a Lei;0;6;0;6
CURITIBA;Secretaria Unificada das 1ª e 2ª Varas Descentralizadas de Santa Felicidade;1;13;0;14
CURITIBA;Secretaria Unificada das 1ª e 2ª Varas Descentralizadas do Boqueirão;0;14;0;14
CURITIBA;10ª Vara Cível;1;8;0;9
CURITIBA;15ª Vara Cível;1;7;1;9
CURITIBA;1ª Vara de Sucessões;2;4;1;7
CURITIBA;Secretaria Unificada das 1ª e 2ª Varas Descentralizadas do Bairro Novo (Sítio Cercado);0;13;0;13
CURITIBA;5ª Vara de Família;1;4;1;6
CURITIBA;11º Juizado Especial Cível e Criminal;0;6;0;6
CURITIBA;14º Juizado Especial Cível e Criminal;1;4;1;6
CURITIBA;1ª Vara Criminal;1;4;1;6
CURITIBA;2ª Vara Criminal;1;5;0;6
CURITIBA;8º Juizado Especial Cível e Criminal;1;4;1;6
CURITIBA;12ª Vara Criminal;0;5;1;6
CURITIBA;5º Juizado Especial Cível e Criminal;0;6;1;7
CURITIBA;1ª Vara de Família;3;5;1;9
CURIÚVA;Juízo Único - Crime e Anexos e Juizados Especiais;2;2;1;5
DOIS VIZINHOS;Vara Criminal, Família e Sucessões, Infância e Juventude e Juizado Especial Cível, Criminal e da Fazenda Pública;0;4;1;5
ENGENHEIRO BELTRÃO;Juízo Único - Crime e Anexos e Juizados Especiais;1;1;1;3
FAXINAL;Juízo Único - Crime e Anexos e Juizados Especiais;0;4;1;5
FAZENDA RIO GRANDE;Vara Criminal;0;3;0;3
FAZENDA RIO GRANDE;Vara de Família e Sucessões, Infância e Juventude, Registros Públicos e Corregedoria do Foro Extrajudicial;1;4;0;5
FAZENDA RIO GRANDE;Juizado Especial Cível, Criminal e da Fazenda Pública;1;3;0;4
FORMOSA DO OESTE;Juízo Único - Crime e Anexos e Juizados Especiais;2;2;0;4
FOZ DO IGUAÇU;Vara de Execuções Penais e Corregedoria dos Presídios;1;5;0;6
FOZ DO IGUAÇU;2ª Vara da Fazenda Pública;1;3;1;5
FOZ DO IGUAÇU;3ª Vara Criminal;0;5;0;5
FOZ DO IGUAÇU;3º Juizado Especial Cível, Criminal e da Fazenda Pública;1;4;0;5
FOZ DO IGUAÇU;Juizado de Violência Doméstica e Familiar contra a Mulher, Vara de Crimes contra Crianças, Adolescentes e Idosos;1;8;0;9
FOZ DO IGUAÇU;2ª Vara de Família e Sucessões e Acidentes do Trabalho;0;6;1;7
FOZ DO IGUAÇU;2º Juizado Especial Cível, Criminal e da Fazenda Pública;1;5;0;6
FOZ DO IGUAÇU;1ª Vara Criminal;1;5;0;6
FOZ DO IGUAÇU;1ª Vara da Fazenda Pública;1;5;0;6
FOZ DO IGUAÇU;1º Juizado Especial Cível, Criminal e da Fazenda Pública;1;4;1;6
FOZ DO IGUAÇU;2ª Vara Criminal;1;5;0;6
FOZ DO IGUAÇU;Vara da Infância e Juventude;1;5;0;6
FRANCISCO BELTRÃO;Vara de Família e Sucessões, Infância e Juventude, Acidentes do Trabalho, Registros Públicos e Corregedoria do Foro Extrajudicial;1;2;0;3
FRANCISCO BELTRÃO;Vara Criminal;1;6;0;7
FRANCISCO BELTRÃO;1ª Vara Cível e da Fazenda Pública;0;5;0;5
FRANCISCO BELTRÃO;Vara de Execuções Penais e Corregedoria dos Presídios;0;4;1;5
FRANCISCO BELTRÃO;Juizado Especial Cível, Criminal e da Fazenda Pública;1;6;1;8
FRANCISCO BELTRÃO;Distribuidor, Contador, Partidor, Avaliador e Depositário Público;0;0;0;0
GOIOERÊ;Vara Criminal, Família e Sucessões, Infância e Juventude e Juizado Especial Criminal;0;3;0;3
GOIOERÊ;Vara Cível, da Fazenda Pública, Acidentes do Trabalho, Registros Públicos e Corregedoria do Foro Extrajudicial, Juizado Especial Cível e Juizado Especial da Fazenda Pública;1;4;0;5
GRANDES RIOS;Juízo Único - Crime e Anexos e Juizados Especiais;1;2;0;3
GUAÍRA;Vara Criminal, Família e Sucessões, Infância e Juventude e Juizado Especial Criminal;1;5;0;6
GUAÍRA;Vara Cível, da Fazenda Pública, Acidentes do Trabalho, Registros Públicos e Corregedoria do Foro Extrajudicial, Juizado Especial Cível e Juizado Especial da Fazenda Pública;1;7;0;8
GUARANIAÇU;Juízo Único;1;5;0;6
GUARAPUAVA;3ª Vara Criminal;1;4;0;5
GUARAPUAVA;1ª Vara Criminal;1;5;0;6
GUARAPUAVA;Vara de Família e Sucessões, Acidentes do Trabalho, Registros Públicos e Corregedoria do Foro Extrajudicial;2;6;0;8
GUARAPUAVA;2ª Vara Criminal;1;4;0;5
GUARAPUAVA;Vara da Infância e Juventude;0;4;1;5
GUARAPUAVA;Vara de Execuções Penais e Corregedoria dos Presídios;2;3;0;5
GUARAPUAVA;1º Juizado Especial Cível, Criminal e da Fazenda Pública;1;5;0;6
GUARAPUAVA;2º Juizado Especial Cível, Criminal e da Fazenda Pública;1;5;0;6
GUARAPUAVA;1ª Vara Cível e da Fazenda Pública;1;6;1;8
GUARAPUAVA;3ª Vara Cível e da Fazenda Pública;2;6;0;8
GUARATUBA;Vara Criminal, Família e Sucessões, Infância e Juventude e Juizado Especial Cível, Criminal e da Fazenda Pública;1;6;1;8
IBAITI;Vara Criminal, Família e Sucessões, Infância e Juventude e Juizado Especial Cível, Criminal e da Fazenda Pública;1;4;0;5
IBIPORÃ;Vara de Família e Sucessões, Infância e Juventude, Acidentes do Trabalho, Registros Públicos e Corregedoria do Foro Extrajudicial;0;3;0;3
IBIPORÃ;Juizado Especial Cível, Criminal e da Fazenda Pública;1;4;0;5
IBIPORÃ;Vara Criminal;1;4;0;5
ICARAÍMA;Juízo Único - Crime e Anexos e Juizados Especiais;1;3;0;4
IMBITUVA;Juízo Único;1;6;0;7
IPIRANGA;Juízo Único - Crime e Anexos e Juizados Especiais;0;4;1;5
IPORÃ;Juízo Único - Crime e Anexos e Juizados Especiais;2;1;1;4
IRATI;Secretaria Unificada da 1ª Vara Cível, da Fazenda Pública e Acidentes do Trabalho e da 2ª Vara Cível, da Fazenda Pública, dos Registros Públicos e da Corregedoria do Foro Extrajudicial;0;0;0;0
IRATI;Juizado Especial Cível, Criminal, da Fazenda Pública e Família e Sucessões;0;3;1;4
IRATI;Vara Criminal e Infância e Juventude;1;4;1;6
IRETAMA;Juízo Único;1;3;0;4
IVAIPORÃ;Juizado Especial Cível, Criminal e da Fazenda Pública;1;3;0;4
IVAIPORÃ;Vara Criminal, Infância e Juventude e Família e Sucessões;1;5;0;6
JACAREZINHO;Vara Criminal;1;3;0;4
JACAREZINHO;Juizado Especial Cível, Criminal e da Fazenda Pública;1;4;0;5
JACAREZINHO;Vara Cível e da Fazenda Pública;1;3;1;5
JACAREZINHO;Vara de Família e Sucessões, Infância e Juventude, Acidentes do Trabalho, Registros Públicos e Corregedoria do Foro Extrajudicial;1;3;1;5
JAGUAPITÃ;Juízo Único - Crime e Anexos e Juizados Especiais;2;3;0;5
JAGUARIAÍVA;Vara Criminal, Família e Sucessões, Infância e Juventude e Juizado Especial Cível, Criminal e da Fazenda Pública;1;1;1;3
JANDAIA DO SUL;Vara Cível, da Fazenda Pública, Acidentes do Trabalho, Registros Públicos e Corregedoria do Foro Extrajudicial, Juizado Especial Cível e Juizado Especial da Fazenda Pública;1;7;0;8
JANDAIA DO SUL;Vara Criminal, Família e Sucessões, Infância e Juventude e Juizado Especial Criminal;1;5;1;7
JOAQUIM TÁVORA;Juízo Único - Crime e Anexos e Juizados Especiais;0;2;0;2
LAPA;Juizado Especial Cível, Criminal e da Fazenda Pública;1;4;0;5
LAPA;Vara Criminal, Infância e Juventude e Família e Sucessões;1;6;1;8
LARANJEIRAS DO SUL;Vara Criminal, Família e Sucessões, Infância e Juventude e Juizado Especial Cível, Criminal e da Fazenda Pública;0;3;1;4
LOANDA;Vara Criminal, Família e Sucessões, Infância e Juventude e Juizado Especial Cível, Criminal e da Fazenda Pública;1;7;0;8
LONDRINA;3ª Vara de Família e Sucessões;0;0;0;0
LONDRINA;1ª Vara Criminal;0;0;0;0
LONDRINA;2ª Vara da Fazenda Pública;0;0;0;0
LONDRINA;Vara de Adolescentes em Conflito com a Lei;0;0;0;0
LONDRINA;2º Juizado de Violência Doméstica e Familiar contra a Mulher e Vara de Crimes Contra Crianças, Adolescentes e Idosos;0;7;0;7
LONDRINA;4º Juizado Especial Cível e Criminal;1;6;0;7
LONDRINA;4ª Vara Criminal;2;2;1;5
LONDRINA;5ª Vara Criminal;1;4;0;5
LONDRINA;3º Juizado Especial Cível e Criminal;1;6;0;7
LONDRINA;6º Juizado Especial Cível e Criminal;1;5;1;7
LONDRINA;3ª Vara Criminal;0;5;0;5
LONDRINA;Vara de Execuções Penais, Medidas Alternativas e Corregedoria dos Presídios;2;10;0;12
LONDRINA;1º Juizado de Violência Doméstica e Familiar contra a Mulher e Vara de Crimes contra Crianças, Adolescentes e Idosos;1;7;1;9
LONDRINA;2º Juizado Especial Cível e Criminal;1;6;1;8
LONDRINA;5º Juizado Especial Cível e Criminal;2;5;1;8
LONDRINA;Vara da Infância e da Juventude;0;6;1;7
LONDRINA;1ª Vara da Fazenda Pública;1;4;1;6
LONDRINA;1ª Vara de Execuções Fiscais;2;4;0;6
LONDRINA;2ª Vara Criminal;1;4;1;6
LONDRINA;2ª Vara de Execuções Fiscais;0;6;0;6
LONDRINA;1º Juizado Especial da Fazenda Pública;0;7;0;7
MALLET;Juízo Único - Crime e Anexos e Juizados Especiais;0;4;1;5
MAMBORÊ;Juízo Único;1;2;0;3
MANDAGUAÇU;Juízo Único;2;7;1;10
MANDAGUARI;Vara Criminal, Família e Sucessões, Infância e Juventude e Juizado Especial Cível, Criminal e da Fazenda Pública;1;6;0;7
MANGUEIRINHA;Juízo Único;1;3;1;5
MANOEL RIBAS;Juízo Único - Crime e Anexos e Juizados Especiais;1;1;0;2
MARECHAL CÂNDIDO RONDON;Vara Criminal;0;7;0;7
MARECHAL CÂNDIDO RONDON;Juizado Especial Cível, Criminal e da Fazenda Pública;0;4;1;5
MARECHAL CÂNDIDO RONDON;Vara de Família e Sucessões, Infância e Juventude, Acidentes do Trabalho, Registros Públicos e Corregedoria do Foro Extrajudicial;1;4;1;6
MARIALVA;Vara Criminal, Família e Sucessões, Infância e Juventude e Juizado Especial Cível, Criminal e da Fazenda Pública;1;4;0;5
MARILÂNDIA DO SUL;Juízo Único;0;4;0;4
MARINGÁ;2ª Vara de Família e Sucessões e Acidentes do Trabalho;1;4;1;6
MARINGÁ;5º Juizado Especial da Fazenda Pública;1;4;1;6
MARINGÁ;4ª Vara Criminal;1;4;0;5
MARINGÁ;Vara da Infância e Juventude;2;4;1;7
MARINGÁ;1ª Vara Criminal;1;4;0;5
MARINGÁ;2ª Vara Criminal;1;3;1;5
MARINGÁ;3ª Vara Criminal;0;5;0;5
MARINGÁ;1ª Vara de Família e Sucessões, Registros Públicos e Corregedoria do Foro Extrajudicial;1;6;0;7
MARINGÁ;4ª Vara Cível;1;8;0;9
MARINGÁ;Juizado de Violência Doméstica e Familiar contra a Mulher, Vara de Crimes contra Crianças, Adolescentes e Idosos;1;11;0;12
MARINGÁ;7ª Vara Cível;1;7;1;9
MARINGÁ;1º Juizado Especial Cível e Criminal;1;7;1;9
MARINGÁ;3º Juizado Especial Cível e Criminal;1;8;1;10
MARINGÁ;2º Juizado Especial Cível e Criminal;1;8;1;10
MARINGÁ;4º Juizado Especial Cível e Criminal;1;8;1;10
MARINGÁ;Vara de Execuções Penais, Medidas Alternativas e Corregedoria dos Presídios;1;6;1;8
MARINGÁ;1ª Vara da Fazenda Pública;0;10;1;11
MARINGÁ;2ª Vara da Fazenda Pública;2;8;1;11
MARMELEIRO;Juízo Único;0;8;1;9
MATELÂNDIA;Vara Criminal, Família e Sucessões, Infância e Juventude e Juizado Especial Cível, Criminal e da Fazenda Pública;0;4;1;5
MATINHOS;Vara Criminal, Família e Sucessões, Infância e Juventude e Juizado Especial Cível, Criminal e da Fazenda Pública;1;5;1;7
MEDIANEIRA;Vara Criminal, Família e Sucessões, Infância e Juventude e Juizado Especial Cível, Criminal e da Fazenda Pública;0;4;0;4
MORRETES;Juízo Único - Crime e Anexos e Juizados Especiais;0;5;1;6
NOVA AURORA;Juízo Único;1;3;1;5
NOVA ESPERANÇA;Juizado Especial Cível, Criminal e da Fazenda Pública;1;3;0;4
NOVA ESPERANÇA;Vara Criminal, Infância e Juventude e Família e Sucessões;0;4;0;4
NOVA ESPERANÇA;Vara Cível, da Fazenda Pública, Acidentes do Trabalho, Registros Públicos e Corregedoria do Foro Extrajudicial;1;4;0;5
NOVA FÁTIMA;Juízo Único - Crime e Anexos e Juizados Especiais;1;2;0;3
NOVA LONDRINA;Juízo Único - Crime e Anexos e Juizados Especiais;0;4;1;5
ORTIGUEIRA;Juízo Único - Crime e Anexos e Juizados Especiais;1;2;0;3
PAIÇANDU;Vara Criminal, Família e Sucessões, Infância e Juventude e Juizado Especial Criminal;1;2;0;3
PAIÇANDU;Vara Cível, da Fazenda Pública, Acidentes do Trabalho, Registros Públicos e Corregedoria do Foro Extrajudicial, Juizado Especial Cível e Juizado Especial da Fazenda Pública;1;5;1;7
PALMAS;Vara Criminal, Família e Sucessões, Infância e Juventude e Juizado Especial Cível, Criminal e da Fazenda Pública;0;0;0;0
PALMEIRA;Juízo Único - Crime e Anexos e Juizados Especiais;1;2;0;3
PALMITAL;Juízo Único - Crime e Anexos, Juizados Especiais e Distribuidor;1;4;0;5
PALOTINA;Vara Criminal, Família e Sucessões, Infância e Juventude e Juizado Especial Cível, Criminal e da Fazenda Pública;1;3;0;4
PARAÍSO DO NORTE;Juízo Único - Crime e Anexos, Juizados Especiais e Distribuidor;1;2;1;4
PARANACITY;Juízo Único - Crime e Anexos e Juizados Especiais;0;4;0;4
PARANAGUÁ;2ª Vara Cível;0;1;0;1
PARANAGUÁ;2ª Vara Criminal;1;3;0;4
PARANAGUÁ;Vara da Fazenda Pública;0;9;0;9
PARANAGUÁ;Vara de Família e Sucessões;1;3;0;4
PARANAGUÁ;1ª Vara Cível;0;5;0;5
PARANAGUÁ;Juizado Especial Cível, Criminal e da Fazenda Pública;1;4;0;5
PARANAGUÁ;Vara da Infância e Juventude, Acidentes do Trabalho, Registros Públicos e Corregedoria do Foro Extrajudicial;0;4;1;5
PARANAGUÁ;1ª Vara Criminal;0;5;0;5
PARANAVAÍ;1ª Vara Criminal;0;4;1;5
PARANAVAÍ;2ª Vara Criminal;1;4;1;6
PARANAVAÍ;Vara de Família e Sucessões, Infância e Juventude, Acidentes do Trabalho, Registros Públicos e Corregedoria do Foro Extrajudicial;0;5;1;6
PARANAVAÍ;Juizado Especial Cível, Criminal e da Fazenda Pública;0;8;1;9
PATO BRANCO;Vara de Família e Sucessões, Infância e Juventude, Acidentes do Trabalho, Registros Públicos e Corregedoria do Foro Extrajudicial;0;6;0;6
PATO BRANCO;Vara Criminal;0;9;1;10
PATO BRANCO;Juizado Especial Cível, Criminal e da Fazenda Pública;1;5;0;6
PEABIRU;Juízo Único;0;5;1;6
PÉROLA;Juízo Único - Crime e Anexos e Juizados Especiais;0;4;0;4
PINHAIS;Juizado Especial Cível, Criminal e da Fazenda Pública;1;4;0;5
PINHAIS;Vara Criminal;0;5;1;6
PINHAIS;Vara de Família e Sucessões, Infância e Juventude, Registros Públicos e Corregedoria do Foro Extrajudicial;1;5;0;6
PINHÃO;Vara Criminal, Família e Sucessões, Infância e Juventude e Juizado Especial Criminal;1;2;0;3
PINHÃO;Vara Cível, da Fazenda Pública, Acidentes do Trabalho, Registros Públicos e Corregedoria do Foro Extrajudicial, Juizado Especial Cível e Juizado Especial da Fazenda Pública;1;4;0;5
PIRAÍ DO SUL;Juízo Único;0;3;0;3
PIRAQUARA;Vara Criminal;0;4;0;4
PIRAQUARA;Juizado Especial Cível, Criminal e da Fazenda Pública;1;3;0;4
PIRAQUARA;Vara de Família e Sucessões, Infância e Juventude, Registros Públicos e Corregedoria do Foro Extrajudicial;1;3;0;4
PIRAQUARA;Vara Cível e da Fazenda Pública;1;2;0;3
PITANGA;Vara Criminal, Família e Sucessões, Infância e Juventude e Juizado Especial Cível, Criminal e da Fazenda Pública;0;6;0;6
PONTA GROSSA;Juizado de Violência Doméstica e Familiar contra a Mulher, Vara de Crimes contra Crianças, Adolescentes e Idosos;0;0;0;0
PONTA GROSSA;1ª Vara Cível;0;0;0;0
PONTA GROSSA;2ª Vara Criminal;0;0;0;0
PONTA GROSSA;Vara da Infância e Juventude;2;4;1;7
PONTA GROSSA;2º Juizado Especial Cível, Criminal e da Fazenda Pública;1;4;0;5
PONTA GROSSA;Vara de Execuções Penais e Corregedoria dos Presídios;0;5;0;5
PONTA GROSSA;3ª Vara Criminal;0;4;0;4
PONTA GROSSA;1º Juizado Especial Cível, Criminal e da Fazenda Pública;2;4;0;6
PONTA GROSSA;1ª Vara Criminal;1;3;0;4
PONTA GROSSA;1ª Vara da Fazenda Pública;2;5;0;7
PONTA GROSSA;2ª Vara da Fazenda Pública;1;7;0;8
PONTA GROSSA;3º Juizado Especial Cível, Criminal e da Fazenda Pública;0;8;0;8
PONTAL DO PARANÁ;Vara Criminal, Família e Sucessões, Infância e Juventude, Juizado Especial Cível e Juizado Especial Criminal;0;6;0;6
PONTAL DO PARANÁ;Vara Cível, da Fazenda Pública, Acidentes do Trabalho, Registros Públicos e Corregedoria do Foro Extrajudicial e Juizado Especial da Fazenda Pública;1;4;1;6
PORECATU;Vara Criminal, Família e Sucessões, Infância e Juventude e Juizado Especial Criminal;0;3;1;4
PORECATU;Vara Cível, da Fazenda Pública, Acidentes do Trabalho, Registros Públicos e Corregedoria do Foro Extrajudicial, Juizado Especial Cível e Juizado Especial da Fazenda Pública;1;3;1;5
PRIMEIRO DE MAIO;Juízo Único - Crime e Anexos e Juizados Especiais;0;3;0;3
PRUDENTÓPOLIS;Vara Cível, da Fazenda Pública, Acidentes do Trabalho, Registros Públicos e Corregedoria do Foro Extrajudicial, Juizado Especial Cível e Juizado Especial da Fazenda Pública;2;3;1;6
PRUDENTÓPOLIS;Vara Criminal, Família e Sucessões, Infância e Juventude e Juizado Especial Criminal;2;4;0;6
QUATRO BARRAS;Juízo Único;0;2;0;2
QUEDAS DO IGUAÇU;Vara Cível, da Fazenda Pública, Acidentes do Trabalho, Registros Públicos e Corregedoria do Foro Extrajudicial, Juizado Especial Cível e Juizado Especial da Fazenda Pública;0;1;0;1
QUEDAS DO IGUAÇU;Vara Criminal, Família e Sucessões, Infância e Juventude e Juizado Especial Criminal;0;3;0;3
REALEZA;Juízo Único - Crime e Anexos e Juizados Especiais;0;4;0;4
REBOUÇAS;Juízo Único;1;5;0;6
RESERVA;Juízo Único;2;1;0;3
RIBEIRÃO CLARO;Juízo Único - Crime e Anexos e Juizados Especiais;1;4;0;5
RIBEIRÃO DO PINHAL;Juízo Único - Crime e Anexos e Juizados Especiais;2;3;0;5
RIO BRANCO DO SUL;Vara Criminal e Infância e Juventude;0;4;0;4
RIO BRANCO DO SUL;Juizado Especial Cível, Criminal, da Fazenda Pública e Família e Sucessões;1;3;1;5
RIO NEGRO;Vara Criminal, Família e Sucessões, Infância e Juventude e Juizado Especial Cível, Criminal e da Fazenda Pública;1;6;0;7
ROLÂNDIA;Vara Criminal;1;3;1;5
ROLÂNDIA;Vara da Infância e Juventude, Família e Sucessões, Acidentes do Trabalho, Registros Públicos e Corregedoria do Foro Extrajudicial;1;3;1;5
ROLÂNDIA;Juizado Especial Cível, Criminal e da Fazenda Pública;0;6;1;7
SALTO DO LONTRA;Juízo Único - Crime e Anexos e Juizados Especiais;1;2;1;4
SANTA FÉ;Juízo Único;1;5;1;7
SANTA HELENA;Juízo Único - Crime e Anexos e Juizados Especiais;0;3;0;3
SANTA ISABEL DO IVAÍ;Juízo Único;0;3;0;3
SANTA MARIANA;Juízo Único;1;5;0;6
SANTO ANTÔNIO DA PLATINA;Juizado Especial Cível, Criminal e da Fazenda Pública;1;2;0;3
SANTO ANTÔNIO DA PLATINA;Vara Criminal, Infância e Juventude e Família e Sucessões;1;5;0;6
SANTO ANTÔNIO DO SUDOESTE;Juízo Único - Crime e Anexos e Juizados Especiais;0;4;0;4
SÃO JERÔNIMO DA SERRA;Juízo Único;1;2;0;3
SÃO JOÃO;Juízo Único;1;1;0;2
SÃO JOÃO DO IVAÍ;Juízo Único - Crime e Anexos e Juizados Especiais;0;5;0;5
SÃO JOÃO DO TRIUNFO;Juízo Único - Crime e Anexos, Juizados Especiais e Distribuidor;1;2;0;3
SÃO JOSÉ DOS PINHAIS;Vara Descentralizada do Afonso Pena;1;4;0;5
SÃO JOSÉ DOS PINHAIS;2ª Vara Criminal;1;4;0;5
SÃO JOSÉ DOS PINHAIS;Vara de Família e Sucessões, Registros Públicos e Corregedoria do Foro Extrajudicial;1;4;1;6
SÃO JOSÉ DOS PINHAIS;Juizado de Violência Doméstica e Familiar contra a Mulher, Vara de Crimes contra Crianças, Adolescentes e Idosos;1;7;0;8
SÃO JOSÉ DOS PINHAIS;Vara da Infância e Juventude;1;3;1;5
SÃO JOSÉ DOS PINHAIS;1ª Vara Criminal;0;4;1;5
SÃO JOSÉ DOS PINHAIS;1º Juizado Especial Cível e da Fazenda Pública;1;4;0;5
SÃO JOSÉ DOS PINHAIS;2º Juizado Especial Cível e da Fazenda Pública;0;4;2;6
SÃO JOSÉ DOS PINHAIS;3ª Vara Cível;0;8;1;9
SÃO JOSÉ DOS PINHAIS;Vara da Fazenda Pública;0;8;0;8
SÃO MATEUS DO SUL;Vara Criminal, Família e Sucessões, Infância e Juventude e Juizado Especial Cível, Criminal e da Fazenda Pública;1;2;0;3
SÃO MIGUEL DO IGUAÇU;Vara Criminal, Família e Sucessões, Infância e Juventude e Juizado Especial Cível, Criminal e da Fazenda Pública;1;3;1;5
SARANDI;2ª Vara Criminal;1;3;0;4
SARANDI;1ª Vara Criminal;1;3;1;5
SARANDI;Juizado Especial Cível, Criminal e da Fazenda Pública;0;5;0;5
SARANDI;Vara de Família e Sucessões, Infância e Juventude, Acidentes do Trabalho, Registros Públicos e Corregedoria do Foro Extrajudicial;1;3;1;5
SENGÉS;Juízo Único - Crime e Anexos e Juizados Especiais;1;3;1;5
SERTANÓPOLIS;Juízo Único - Crime e Anexos e Juizados Especiais;0;4;1;5
SIQUEIRA CAMPOS;Juízo Único - Crime e Anexos e Juizados Especiais;1;3;1;5
TEIXEIRA SOARES;Juízo Único - Crime e Anexos e Juizados Especiais;1;1;0;2
TELÊMACO BORBA;Vara Criminal;0;3;1;4
TELÊMACO BORBA;Vara Cível e da Fazenda Pública;0;4;0;4
TELÊMACO BORBA;Juizado Especial Cível, Criminal e da Fazenda Pública;0;4;0;4
TELÊMACO BORBA;Vara de Família e Sucessões, Infância e Juventude, Acidentes do Trabalho, Registros Públicos e Corregedoria do Foro Extrajudicial;0;3;0;3
TERRA BOA;Juízo Único;1;6;1;8
TERRA RICA;Juízo Único - Crime e Anexos e Juizados Especiais;0;2;0;2
TERRA ROXA;Juízo Único - Crime e Anexos e Juizados Especiais;0;3;0;3
TIBAGI;Juízo Único - Crime e Anexos e Juizados Especiais;0;0;1;1
TOLEDO;1ª Vara Criminal;1;2;0;3
TOLEDO;Juizado Especial Cível, Criminal e da Fazenda Pública;1;4;0;5
TOLEDO;2ª Vara Criminal;1;4;0;5
TOLEDO;3ª Vara Cível e da Fazenda Pública;2;3;0;5
TOLEDO;Vara de Família e Sucessões;1;4;0;5
TOLEDO;Vara da Infância e Juventude, Acidentes do Trabalho, Registros Públicos e Corregedoria do Foro Extrajudicial;0;5;1;6
TOMAZINA;Juízo Único;0;4;0;4
UBIRATÃ;Juízo Único - Crime e Anexos e Juizados Especiais;1;4;1;6
UMUARAMA;1ª Vara Criminal;1;1;1;3
UMUARAMA;Vara de Família e Sucessões, Infância e Juventude, Acidentes do Trabalho, Registros Públicos e Corregedoria do Foro Extrajudicial;2;3;1;6
UMUARAMA;2ª Vara Criminal;1;3;1;5
UMUARAMA;3ª Vara Cível e da Fazenda Pública;0;6;0;6
UMUARAMA;Juizado Especial Cível, Criminal e da Fazenda Pública;1;3;1;5
UMUARAMA;1ª Vara Cível e da Fazenda Pública;1;5;1;7
UNIÃO DA VITÓRIA;2ª Vara Criminal;0;3;0;3
UNIÃO DA VITÓRIA;2ª Vara Cível e da Fazenda Pública;0;4;0;4
UNIÃO DA VITÓRIA;1ª Vara Criminal;1;3;1;5
UNIÃO DA VITÓRIA;Juizado Especial Cível, Criminal e da Fazenda Pública;1;3;1;5
UNIÃO DA VITÓRIA;Vara de Família e Sucessões, Infância e Juventude, Acidentes do Trabalho, Registros Públicos e Corregedoria do Foro Extrajudicial;1;5;1;7
URAÍ;Juízo Único;1;5;1;7
WENCESLAU BRAZ;Juízo Único - Crime e Anexos e Juizados Especiais;1;3;0;4
XAMBRÊ;Juízo Único - Crime e Anexos e Juizados Especiais;1;5;0;6
